,DeathRate,DeathRate,DeathRate,DeathRate,death_log,death_log,death_log,death_log,outlier,outlier,outlier,outlier,CumDeathRate,CumDeathRate,CumDeathRate,CumDeathRate,MeanCentered,MeanCentered,MeanCentered,MeanCentered,deathlogMeanCentered,deathlogMeanCentered,deathlogMeanCentered,deathlogMeanCentered,DeathRateZScore,DeathRateZScore,DeathRateZScore,DeathRateZScore,DeathRatePer100k,DeathRatePer100k,DeathRatePer100k,DeathRatePer100k
AgeGroup,1-4 Years,10-14 Years,15-19 Years,5-9 Years,1-4 Years,10-14 Years,15-19 Years,5-9 Years,1-4 Years,10-14 Years,15-19 Years,5-9 Years,1-4 Years,10-14 Years,15-19 Years,5-9 Years,1-4 Years,10-14 Years,15-19 Years,5-9 Years,1-4 Years,10-14 Years,15-19 Years,5-9 Years,1-4 Years,10-14 Years,15-19 Years,5-9 Years,1-4 Years,10-14 Years,15-19 Years,5-9 Years
Year,,,,,,,,,,,,,,,,,,,,,,,,,,,,,,,,
1900,1983.8,298.3,484.8,466.1,3.2974978859256985,2.474653253362063,2.68556261115823,2.6684791029325856,True,False,False,False,1983.8,59864.000000000044,71209.1000000001,46070.000000000044,1790.8758403361344,105.37584033613447,291.8758403361345,273.17584033613446,1.3234775117818498,0.5006328792182142,0.7115422370143811,0.6944587287887369,6.107530493244859,0.3593695015637971,0.9954015543365756,0.9316278310826829,0.019837999999999998,0.002983,0.004848,0.004661
1901,1695.0,273.6,454.4,427.6,3.229169702539101,2.4371160930480786,2.6574383227029625,2.6310376965367404,True,False,False,False,3678.8,60137.60000000004,71663.50000000009,46497.60000000004,1502.0758403361344,80.67584033613448,261.4758403361344,234.67584033613448,1.2551493283952522,0.46309571890422996,0.6834179485591139,0.6570173223928917,5.122618660318433,0.27513362111614226,0.8917266245548463,0.8003289890893749,0.01695,0.002736,0.004543999999999999,0.004276
1902,1655.7,252.5,421.5,403.3,3.218981648784926,2.40226138245468,2.624797578960761,2.605628222007619,True,False,False,False,5334.5,60390.10000000004,72085.00000000009,46900.900000000045,1462.7758403361345,59.57584033613446,228.57584033613446,210.37584033613447,1.2449612746410774,0.42824100831083145,0.6507772048169125,0.6316078478637701,4.98859153069929,0.20317503498474476,0.7795257959423831,0.7174572524546375,0.016557,0.002525,0.004215,0.004033
1903,1542.1,268.2,434.1,414.7,3.1881125371650243,2.42845877351558,2.6375897858387,2.617734035364018,True,False,False,False,6876.6,60658.30000000004,72519.1000000001,47315.60000000004,1349.1758403361343,75.27584033613445,241.17584033613448,221.77584033613445,1.2140921630211756,0.45443839937173136,0.6635694116948514,0.6437136612201693,4.601174687830723,0.25671767964175607,0.822496326049284,0.7563353511227858,0.015420999999999999,0.002682,0.004341,0.004147
1904,1591.5,305.2,471.4,425.0,3.2018066429570218,2.484584529282843,2.673389578188305,2.6283889300503116,True,False,False,False,8468.1,60963.50000000004,72990.50000000009,47740.60000000004,1398.5758403361344,112.27584033613445,278.4758403361344,232.07584033613446,1.227786268813173,0.5105641551389941,0.6993692040444563,0.6543685559064629,4.769646448726033,0.3829009823366237,0.9497027366038395,0.7914620543054112,0.015915,0.003052,0.0047139999999999994,0.00425
1905,1498.9,279.8,439.3,396.3,3.175772659601536,2.446847710155809,2.6427612032653203,2.59802407233419,True,False,False,False,9967.0,61243.30000000004,73429.80000000009,48136.900000000045,1305.9758403361345,86.87584033613447,246.37584033613447,203.37584033613447,1.2017522854576872,0.47282733601196014,0.6687408291214716,0.6240036981903412,4.453847156035636,0.29627785021636327,0.8402301956172114,0.6935847357285815,0.014989,0.002798,0.004393,0.003963
1906,1580.0,272.2,445.2,377.4,3.1986570869544226,2.4348881208673157,2.6485551556626707,2.5768018958289125,True,False,False,False,11547.0,61515.50000000004,73875.00000000009,48514.30000000005,1387.0758403361344,79.27584033613445,252.27584033613445,184.47584033613444,1.224636712810574,0.460867746723467,0.6745347815188221,0.6027815216850638,4.730427314104656,0.27035911777093097,0.8603513168577442,0.6291289405682301,0.0158,0.002722,0.004452,0.0037739999999999996
1907,1468.3,265.8,437.7,365.6,3.1668147987909117,2.4245549766067134,2.641176546613114,2.5630061870617937,True,False,False,False,13015.3,61781.30000000004,74312.70000000008,48879.900000000045,1275.3758403361344,72.87584033613447,244.77584033613445,172.67584033613448,1.192794424647063,0.4505346024628647,0.6671561724692654,0.588985812917945,4.349490154347447,0.24853281676425124,0.8347736203655414,0.5888866980871643,0.014683,0.002658,0.004377,0.0036560000000000004
1908,1396.8,247.9,397.7,354.2,3.1451342263614945,2.3942765267678214,2.59955559098598,2.5492485568540557,True,False,False,False,14412.099999999999,62029.20000000004,74710.40000000008,49234.10000000004,1203.8758403361344,54.97584033613447,204.77584033613445,161.27584033613445,1.1711138522176459,0.42025615262397276,0.6255352168421315,0.575228182710207,4.105649447788446,0.18748738113619368,0.6983592390737926,0.5500085994190158,0.013968,0.002479,0.003977,0.003542
1909,1348.9,230.5,363.6,330.2,3.12997975466971,2.362670929725667,2.56062387454993,2.518777068926775,True,False,False,False,15760.999999999998,62259.70000000004,75074.00000000009,49564.30000000004,1155.9758403361345,37.57584033613446,170.67584033613448,137.27584033613445,1.1559593805258612,0.3886505555818185,0.5866035004060812,0.5447566947829263,3.9422932261915777,0.12814712527428296,0.582065979022577,0.46815997064396664,0.013489000000000001,0.002305,0.0036360000000000003,0.003302
1910,1397.3,235.9,371.9,348.4,3.1452896590541464,2.3727279408855955,2.5704261783589724,2.5420781463356255,True,False,False,False,17158.3,62495.60000000004,75445.90000000008,49912.70000000004,1204.3758403361344,42.97584033613447,178.97584033613444,155.47584033613444,1.1712692849102977,0.3987075667417468,0.5964058042151237,0.5680577721917768,4.107354627554593,0.14656306674866906,0.6103719631406146,0.5302285141317122,0.013973,0.002359,0.0037189999999999996,0.0034839999999999997
1911,1176.0,222.2,366.0,310.0,3.0704073217401198,2.346744054604849,2.5634810853944106,2.4913616938342726,True,False,False,False,18334.3,62717.80000000004,75811.90000000008,50222.70000000004,983.0758403361344,29.27584033613445,173.07584033613446,117.07584033613446,1.096386947596271,0.37272368046100013,0.5894607112505619,0.517341319690424,3.3526420630579934,0.09984114115624505,0.5902508419000818,0.39927070809163356,0.01176,0.002222,0.00366,0.0031
1912,1094.1,202.2,347.2,287.5,3.0390570180334437,2.3057811512549824,2.540579716504454,2.4586378490256493,True,False,False,False,19428.399999999998,62920.00000000004,76159.10000000008,50510.20000000004,901.1758403361343,9.27584033613445,154.27584033613445,94.57584033613446,1.065036643889595,0.3317607771111337,0.5665593423606055,0.4846174748818006,3.0733336173631374,0.03163395051037069,0.5261360826929599,0.3225376186150249,0.010941,0.002022,0.003472,0.002875
1913,1193.4,214.8,360.3,317.7,3.076786033508079,2.332034277027518,2.5566642621225686,2.5020172148271476,True,False,False,False,20621.8,63134.80000000004,76519.40000000008,50827.90000000004,1000.4758403361345,21.875840336134473,167.37584033613447,124.77584033613445,1.1027656593642305,0.3580139028836693,0.5826438879787199,0.5279968406832989,3.4119823189199043,0.07460448061727161,0.5708117925660076,0.42553047649029513,0.011934,0.002148,0.0036030000000000003,0.0031769999999999997
1914,1024.2,207.2,340.5,291.6,3.0103847714983774,2.3163897510731952,2.532117116248804,2.4647875196459372,True,False,False,False,21646.0,63342.00000000004,76859.90000000008,51119.50000000004,831.2758403361345,14.27584033613445,147.57584033613446,98.67584033613448,1.0363643973545287,0.34236937692934655,0.5580967421049552,0.49076714550208855,2.834949486055807,0.04868574817183928,0.503286673826592,0.3365200926974292,0.010242000000000001,0.002072,0.003405,0.002916
1915,924.2,196.7,330.9,260.6,2.9657659641826863,2.2938043599193367,2.519696767159853,2.415974411376566,True,False,False,False,22570.2,63538.70000000003,77190.80000000008,51380.100000000035,731.2758403361345,3.7758403361344506,137.97584033613444,67.67584033613448,0.9917455900388377,0.31978398577548806,0.5456763930160045,0.4419540372327173,2.4939135328264355,0.01287697308275524,0.4705472223165722,0.23079894719632393,0.009242,0.001967,0.003309,0.0026060000000000002
1916,1111.5,205.1,355.8,282.4,3.0459094670350093,2.3119656603683665,2.5512059437479064,2.450864692379766,True,False,False,False,23681.7,63743.80000000003,77546.60000000008,51662.50000000004,918.5758403361344,12.175840336134456,162.87584033613447,89.47584033613444,1.0718890928911606,0.3379452862245178,0.5771855696040578,0.47684431823591744,3.1326738732250488,0.04152399315402249,0.5554651746706859,0.3051447850003268,0.011115,0.002051,0.003558,0.0028239999999999997
1917,1066.0,218.9,380.3,290.7,3.0277572046905536,2.3402457615679317,2.5801263254115825,2.4634450317704277,True,False,False,False,24747.7,63962.70000000003,77926.90000000008,51953.20000000003,873.0758403361344,25.975840336134468,187.37584033613447,97.77584033613445,1.053736830546705,0.36622538742408306,0.6061059512677338,0.48942465762657905,2.977502514505684,0.08858695469967584,0.639018983211882,0.33345076911836474,0.01066,0.002189,0.003803,0.002907
1918,1573.5,375.1,777.4,447.9,3.196866747249239,2.574147064150723,2.8906445362952478,2.651181062444688,True,False,False,False,26321.2,64337.80000000003,78704.30000000008,52401.100000000035,1380.5758403361344,182.17584033613448,584.4758403361344,254.97584033613444,1.2228463731053902,0.6001266900068742,0.9166241621513991,0.6771606883008392,4.708259977144746,0.6212851136439547,1.9932727534857173,0.8695592875949372,0.015735,0.0037510000000000004,0.007774,0.0044789999999999995
1919,928.0,236.4,438.5,300.0,2.967547976218862,2.3736474722092176,2.6419695977020594,2.4771212547196626,True,False,False,False,27249.2,64574.20000000003,79142.80000000008,52701.100000000035,735.0758403361344,43.47584033613447,245.57584033613446,107.07584033613446,0.9935276020750132,0.3996270980653689,0.6679492235582107,0.5031008805758139,2.506872899049151,0.1482682465148159,0.8375019079913764,0.36516711276869634,0.00928,0.002364,0.004385,0.003
1920,987.2,229.9,402.9,295.2,2.9944051466891666,2.361538971269279,2.6051972673883776,2.470116353151004,True,False,False,False,28236.4,64804.100000000035,79545.70000000007,52996.30000000003,794.2758403361345,36.97584033613447,209.97584033613444,102.27584033613445,1.020384772545318,0.38751859712543046,0.631176893244529,0.4960959790071553,2.7087661833609396,0.12610090955490674,0.7160931086417199,0.34879738701368646,0.009872,0.0022990000000000003,0.004029,0.0029519999999999998
1921,801.2,209.9,326.5,281.4,2.9037409406215384,2.3220124385824006,2.5138831856110926,2.449324093098727,True,False,False,False,29037.600000000002,65014.00000000004,79872.20000000007,53277.70000000003,608.2758403361345,16.975840336134468,133.57584033613446,88.47584033613444,0.9297205664776897,0.3479920644385519,0.5398628114672439,0.4753037189548781,2.074439310354308,0.05789371890903238,0.4555416403744799,0.30173442546803314,0.008012,0.002099,0.003265,0.0028139999999999997
1922,742.0,186.6,319.6,239.6,2.870403905279027,2.270911639410481,2.5046067706419537,2.3794868137172736,False,False,False,False,29779.600000000002,65200.600000000035,80191.80000000008,53517.30000000003,549.0758403361344,-6.324159663865544,126.67584033613448,46.675840336134456,0.8963835311351782,0.29689126526663223,0.530586396498105,0.4054664395734249,1.8725460260425197,-0.021567658193411294,0.43201015960165334,0.15918139701815576,0.00742,0.001866,0.003196,0.002396
1923,806.7,188.2,325.8,240.0,2.906712056942964,2.274619619091238,2.5129510799724906,2.380211241711606,True,False,False,False,30586.300000000003,65388.80000000003,80517.60000000008,53757.30000000003,613.7758403361345,-4.724159663865549,132.87584033613447,47.07584033613446,0.9326916827991152,0.30059924494738954,0.5389307058286419,0.40619086756775724,2.0931962877819235,-0.016111082941741364,0.45315438870187436,0.16054554083107328,0.008067000000000001,0.001882,0.003258,0.0024
1924,683.2,179.8,313.5,221.7,2.8345478576809486,2.25478968739721,2.496237545166735,2.345765693114488,False,False,False,False,31269.500000000004,65568.60000000003,80831.10000000008,53979.00000000003,490.2758403361345,-13.124159663865527,120.57584033613446,28.77584033613445,0.8605274835371,0.2807693132533613,0.5222171710228865,0.37174531897063945,1.6720168855436492,-0.04475810301300852,0.41120696645466154,0.0981359613900982,0.006832,0.0017980000000000001,0.003135,0.002217
1925,641.0,181.0,314.0,211.5,2.8068580295188172,2.2576785748691846,2.496929648073215,2.325310371711061,False,False,False,False,31910.500000000004,65749.60000000003,81145.10000000008,54190.50000000003,448.07584033613443,-11.924159663865538,121.07584033613446,18.575840336134462,0.8328376553749686,0.2836582007253359,0.5229092739293661,0.35128999756721235,1.5280997132808543,-0.040665671574256095,0.4129121462208084,0.06335029416070231,0.00641,0.00181,0.00314,0.002115
1926,723.4,171.4,307.5,213.8,2.859378504425601,2.2340108175871793,2.4878451201114355,2.330007700872759,False,False,False,False,32633.900000000005,65921.00000000003,81452.60000000008,54404.30000000003,530.4758403361344,-21.524159663865532,114.57584033613446,20.875840336134473,0.8853581302817521,0.25999044344333067,0.5138247459675869,0.3559873267289104,1.8091133387418565,-0.07340512308427577,0.3907448092608993,0.0711941210849779,0.007234,0.001714,0.003075,0.002138
1927,591.0,167.5,289.5,208.3,2.7715874808812555,2.224014811372864,2.4616485680634552,2.318689269947746,False,False,False,False,33224.90000000001,66088.50000000003,81742.10000000008,54612.600000000035,398.07584033613443,-25.424159663865538,96.57584033613446,15.375840336134473,0.7975671067374068,0.24999443722901526,0.48762819391960655,0.34466889580389726,1.3575817366661682,-0.0867055252602213,0.3293583376796123,0.05243714365736245,0.00591,0.001675,0.002895,0.002083
1928,647.5,173.8,307.8,213.1,2.8112397727532894,2.2400497721126476,2.48826861549546,2.328583449714202,False,False,False,False,33872.40000000001,66262.30000000003,82049.90000000008,54825.70000000003,454.57584033613443,-19.124159663865527,114.87584033613447,20.175840336134456,0.8372193986094407,0.2660293979687989,0.5142482413516114,0.35456307557035327,1.5502670502407634,-0.06522026020677082,0.3917679171205874,0.06880686941237224,0.006475,0.0017380000000000002,0.003078,0.002131
1929,625.5,165.0,298.0,208.0,2.796227314029439,2.2174839442139063,2.4742162640762553,2.3180633349627615,False,False,False,False,34497.90000000001,66427.30000000003,82347.90000000008,55033.70000000003,432.57584033613443,-27.924159663865538,105.07584033613446,15.075840336134462,0.8222069398855902,0.2434635700700576,0.5001958899324066,0.34404296081891284,1.4752391405303016,-0.09523142409095559,0.3583463937041089,0.05141403579767429,0.006255,0.00165,0.00298,0.00208
1930,563.6,152.8,277.8,189.8,2.750970984437319,2.184123354239671,2.4437322414015967,2.278296208091274,False,False,False,False,35061.50000000001,66580.10000000003,82625.70000000008,55223.50000000004,370.67584033613446,-40.12415966386553,84.87584033613447,-3.1241596638655267,0.7769506102934702,0.2101029800958223,0.46971186725774805,0.3042758339474254,1.2641378854813206,-0.13683781038493892,0.28945713115177585,-0.010654507690071337,0.005636,0.001528,0.002778,0.0018980000000000002
1931,526.6,150.3,263.5,182.0,2.7214808547700495,2.176958980586908,2.4207806195485655,2.2600713879850747,False,False,False,False,35588.100000000006,66730.40000000004,82889.20000000008,55405.50000000004,333.67584033613446,-42.62415966386553,70.57584033613446,-10.924159663865538,0.7474604806262009,0.2029386064430594,0.4467602454047168,0.286051013841226,1.1379545827864528,-0.1453637092156732,0.24068898983997566,-0.03725531204196238,0.005266,0.0015030000000000002,0.002635,0.00182
1932,461.9,142.2,237.5,165.9,2.6645479622465467,2.1528995963937474,2.3756636139608855,2.219846386024361,False,False,False,False,36050.00000000001,66872.60000000003,83126.70000000008,55571.40000000004,268.9758403361344,-50.72415966386555,44.57584033613446,-27.024159663865532,0.690527588102698,0.17887922224989872,0.40164323981703687,0.24582601188051223,0.9173043210470492,-0.1729876214272524,0.152019642000339,-0.09216210051189122,0.004619,0.0014219999999999999,0.002375,0.001659
1933,472.6,138.0,223.4,161.3,2.6744937172963503,2.1398790864012365,2.34908316877959,2.2076343673889616,False,False,False,False,36522.600000000006,67010.60000000003,83350.10000000008,55732.70000000004,279.67584033613446,-54.92415966386554,30.475840336134468,-31.624159663865527,0.7004733431525016,0.1658587122573878,0.37506279463574144,0.2336139932451129,0.9537951680425921,-0.18731113146288597,0.10393357259499757,-0.10784975436044231,0.004726,0.00138,0.002234,0.001613
1934,507.7,141.5,224.0,165.1,2.705607163404605,2.150756439860309,2.3502480183341627,2.2177470732627937,False,False,False,False,37030.3,67152.10000000003,83574.10000000008,55897.80000000004,314.7758403361345,-51.42415966386554,31.075840336134462,-27.824159663865544,0.7315867892607564,0.17673606571646028,0.37622764419031407,0.24372669911894507,1.0734987876261017,-0.17537487309985797,0.10597978831437378,-0.09489038813772624,0.005077,0.001415,0.00224,0.001651
1935,440.9,143.4,222.3,162.4,2.6443400988263224,2.1565491513317814,2.3469394626989906,2.2105860249051563,False,False,False,False,37471.200000000004,67295.50000000003,83796.40000000008,56060.20000000004,247.97584033613444,-49.52415966386553,29.375840336134473,-30.524159663865532,0.6703197246824737,0.1825287771879327,0.3729190885551419,0.23656565076130764,0.8456867708688812,-0.16889518998849987,0.1001821771094745,-0.10409835887491924,0.004409,0.0014340000000000002,0.002223,0.001624
1936,439.8,141.0,230.4,154.6,2.6432552250247716,2.1492191126553797,2.3624824747511743,2.189209489582306,False,False,False,False,37911.00000000001,67436.50000000003,84026.80000000008,56214.80000000004,246.87584033613447,-51.92415966386554,37.47584033613447,-38.324159663865544,0.6692348508809229,0.175198738511531,0.38846210060732567,0.21518911543845753,0.8419353753833582,-0.1770800528660048,0.1278060893210536,-0.13069916322681027,0.004398,0.00141,0.002304,0.0015459999999999998
1937,418.7,128.3,219.0,142.9,2.6219029608912305,2.1082266563749283,2.3404441148401185,2.1550322287909704,False,False,False,False,38329.700000000004,67564.80000000003,84245.80000000008,56357.70000000004,225.77584033613445,-64.62415966386553,26.075840336134462,-50.02415966386553,0.6478825867473819,0.13420628223107967,0.3664237406962698,0.18101185464712177,0.7699767892519607,-0.220391618926135,0.0889279906529052,-0.17060036975464674,0.004187,0.001283,0.00219,0.0014290000000000001
1938,383.8,113.8,192.3,128.8,2.5841049703994527,2.056142262059052,2.28397928423848,2.1099158630237933,False,False,False,False,38713.50000000001,67678.60000000003,84438.10000000008,56486.500000000044,190.87584033613447,-79.12415966386554,-0.6241596638655267,-64.12415966386553,0.6100845962556041,0.08212188791520347,0.30995891009463117,0.13589548887994463,0.65095524157491,-0.26984183214439394,-0.0021286088593370418,-0.21868643915998814,0.0038380000000000003,0.001138,0.001923,0.001288
1939,318.3,106.5,179.8,112.6,2.502836638621003,2.0273496077747564,2.25478968739721,2.0515383905153275,False,False,False,False,39031.80000000001,67785.10000000003,84617.90000000008,56599.10000000004,125.37584033613447,-86.42415966386554,-13.124159663865527,-80.32415966386554,0.5288162644771544,0.05332923363090769,0.2807693132533613,0.07751801637147882,0.4275766922096714,-0.2947374567301381,-0.04475810301300852,-0.27393426358314643,0.003183,0.001065,0.0017980000000000001,0.001126
1940,289.6,99.5,171.6,108.3,2.461798557525109,1.9978230807457256,2.2345172835126865,2.0346284566253203,False,False,False,False,39321.40000000001,67884.60000000003,84789.50000000009,56707.400000000045,96.67584033613448,-93.42415966386554,-21.324159663865544,-84.62415966386554,0.48777818338126044,0.02380270660187689,0.26049690936883785,0.06060808248147165,0.3296993736328418,-0.31860997345619413,-0.07272305117781706,-0.2885988095720094,0.002896,0.000995,0.0017159999999999999,0.001083
1941,279.9,94.7,169.0,103.8,2.4470028984661623,1.9763499790032735,2.2278867046136734,2.016197353512439,False,False,False,False,39601.30000000001,67979.30000000003,84958.50000000009,56811.20000000005,86.97584033613444,-98.22415966386554,-23.924159663865538,-89.12415966386554,0.4729825243223136,0.0023296048594247942,0.25386633046982476,0.04217697936859022,0.29661888616959253,-0.33497969921120396,-0.08158998596178071,-0.30394542746733116,0.002799,0.000947,0.00169,0.001038
1942,243.4,85.8,154.7,96.1,2.386320573894046,1.9334872878487055,2.1894903136993675,1.9827233876685453,False,False,False,False,39844.70000000001,68065.10000000003,85113.20000000008,56907.30000000005,50.47584033613447,-107.12415966386554,-38.22415966386555,-96.82415966386554,0.4123001997501974,-0.040533086295143184,0.21546993955551885,0.008703013524696601,0.17214076324087194,-0.36533189904861807,-0.13035812727358093,-0.3302051958659928,0.002434,0.0008579999999999999,0.001547,0.0009609999999999999
1943,256.4,90.6,164.0,103.1,2.4089180208467798,1.9571281976768131,2.214843848047698,2.0132586652835167,False,False,False,False,40101.10000000001,68155.70000000004,85277.20000000008,57010.400000000045,63.47584033613444,-102.32415966386554,-28.924159663865538,-89.82415966386554,0.4348976467029311,-0.016892176467035558,0.24082347390384928,0.039238291139668036,0.21647543716069018,-0.34896217329360824,-0.09864178362324931,-0.3063326791399368,0.002564,0.0009059999999999999,0.00164,0.001031
1944,233.0,89.7,157.9,98.7,2.367355921026019,1.9527924430440922,2.1983821300082944,1.9943171526696368,False,False,False,False,40334.10000000001,68245.40000000004,85435.10000000008,57109.10000000004,40.07584033613446,-103.22415966386554,-35.02415966386553,-94.22415966386554,0.3933355468821702,-0.021227931099756514,0.22436175586444573,0.02029677852578815,0.13667302410501725,-0.35203149687267254,-0.11944497677024096,-0.32133826108202906,0.00233,0.000897,0.001579,0.000987
1945,203.0,86.8,152.3,93.6,2.307496037913213,1.9385197251764918,2.182699903336043,1.9712758487381052,False,False,False,False,40537.10000000001,68332.20000000004,85587.40000000008,57202.70000000004,10.075840336134462,-106.12415966386554,-40.62415966386553,-99.32415966386554,0.3334756637693643,-0.03550064896735683,0.20867952919219412,-0.0027445254057434365,0.0343622381362057,-0.36192153951632433,-0.13854299015108576,-0.3387310946967271,0.00203,0.000868,0.001523,0.000936
1946,181.5,78.6,137.8,85.6,2.258876629372131,1.8954225460394079,2.139249217571607,1.9324737646771533,False,False,False,False,40718.60000000001,68410.80000000005,85725.20000000008,57288.30000000004,-11.424159663865538,-114.32415966386554,-55.12415966386553,-107.32415966386554,0.2848562552282825,-0.07859782810444083,0.16522884342775823,-0.04154660946669542,-0.03896049180810924,-0.3898864876811329,-0.1879932033693447,-0.3660139709550768,0.001815,0.0007859999999999999,0.001378,0.000856
1947,160.8,67.9,126.8,73.3,2.2062860444124324,1.8318697742805017,2.1031192535457137,1.865103974641128,False,False,False,False,40879.400000000016,68478.70000000004,85852.00000000009,57361.60000000004,-32.12415966386553,-125.02415966386553,-66.12415966386554,-119.62415966386554,0.2322656702685837,-0.142150599863347,0.12909887940186504,-0.1089163995027207,-0.10955493412658916,-0.4263773346766756,-0.22550715822457562,-0.4079613932022895,0.001608,0.000679,0.001268,0.0007329999999999999
1948,160.1,65.6,118.7,70.6,2.2043913319193,1.8169038393756602,2.074450718954591,1.8488047010518038,False,False,False,False,41039.500000000015,68544.30000000005,85970.70000000008,57432.20000000004,-32.824159663865544,-127.32415966386554,-74.22415966386554,-122.32415966386554,0.23037095777545114,-0.15711653476818843,0.10043034481074242,-0.12521567309204484,-0.11194218579919482,-0.4342211616009512,-0.25313107043615474,-0.4171693639394826,0.001601,0.0006559999999999999,0.0011870000000000001,0.0007059999999999999
1949,150.2,63.6,111.8,68.2,2.1766699326681493,1.8034571156484138,2.0484418035504044,1.833784374656479,False,False,False,False,41189.70000000001,68607.90000000005,86082.50000000009,57500.40000000004,-42.72415966386555,-129.32415966386554,-81.12415966386554,-124.72415966386554,0.20264955852430067,-0.17056325849543486,0.07442142940655572,-0.14023599948736964,-0.14570474516890267,-0.4410418806655386,-0.2766625512089814,-0.4253542268169875,0.0015019999999999999,0.0006360000000000001,0.001118,0.000682
1950,139.4,58.1,108.6,61.7,2.144262773761991,1.7641761323903307,2.035829825252828,1.7902851640332418,False,False,False,False,41329.10000000001,68666.00000000006,86191.1000000001,57562.100000000035,-53.52415966386553,-134.82415966386554,-84.32415966386554,-131.22415966386552,0.17024239961814214,-0.209844241753518,0.061809451108979285,-0.1837352101106069,-0.18253662811767477,-0.4597988580931541,-0.28757570171232133,-0.4475215637768966,0.001394,0.000581,0.001086,0.000617
1951,136.9,56.4,108.9,61.7,2.13640344813399,1.7512791039833422,2.037027879755775,1.7902851640332418,False,False,False,False,41466.000000000015,68722.40000000005,86300.00000000009,57623.80000000003,-56.02415966386553,-136.52415966386553,-84.02415966386553,-131.22415966386552,0.1623830739901413,-0.2227412701605065,0.06300750561192636,-0.1837352101106069,-0.19106252694840906,-0.4655964692980534,-0.28655259385263315,-0.4475215637768966,0.001369,0.0005639999999999999,0.0010890000000000001,0.000617
1952,141.1,56.8,114.4,61.3,2.149527013754348,1.7543483357110188,2.0584260244570056,1.787460474518415,False,False,False,False,41607.10000000001,68779.20000000006,86414.40000000008,57685.100000000035,-51.824159663865544,-136.12415966386556,-78.52415966386553,-131.62415966386556,0.17550663961049917,-0.2196720384328299,0.08440565031315694,-0.18655989962543362,-0.17673901691277547,-0.46423232548513593,-0.2677956164250177,-0.4488857075898142,0.001411,0.0005679999999999999,0.001144,0.0006129999999999999
1953,130.0,53.1,106.9,56.1,2.113943352306837,1.725094521081469,2.028977705208778,1.7489628612561614,False,False,False,False,41737.10000000001,68832.30000000006,86521.30000000008,57741.20000000003,-62.92415966386554,-139.82415966386554,-86.02415966386553,-136.82415966386554,0.13992297816298827,-0.2489258530623797,0.05495733106492917,-0.22505751288768727,-0.2145940077212357,-0.47685065575462265,-0.2933733129172206,-0.4666195771577415,0.0013,0.000531,0.001069,0.000561
1954,118.3,47.8,96.1,52.5,2.0729847446279304,1.6794278966121188,1.9827233876685453,1.7201593034059568,False,False,False,False,41855.400000000016,68880.10000000006,86617.40000000008,57793.70000000003,-74.62415966386554,-145.12415966386556,-96.82415966386554,-140.42415966386554,0.09896437048408169,-0.2945924775317299,0.008703013524696601,-0.2538610707378919,-0.25449521424907223,-0.4949255612757794,-0.3302051958659928,-0.4788968714739989,0.001183,0.00047799999999999996,0.0009609999999999999,0.000525
1955,113.4,46.6,97.3,50.6,2.0546130545568877,1.6683859166900001,1.9881128402683519,1.7041505168397992,False,False,False,False,41968.80000000002,68926.70000000007,86714.70000000008,57844.30000000003,-79.52415966386553,-146.32415966386554,-95.62415966386554,-142.32415966386554,0.08059268041303902,-0.30563445745384854,0.014092466124503211,-0.26986985730404944,-0.27120597595731144,-0.49901799271453184,-0.3261127644272403,-0.48537655458535695,0.001134,0.000466,0.000973,0.000506
1956,110.2,46.3,97.2,48.3,2.042181594515766,1.665580991017953,1.9876662649262746,1.6839471307515121,False,False,False,False,42079.000000000015,68973.00000000007,86811.90000000008,57892.600000000035,-82.72415966386554,-146.62415966386556,-95.72415966386554,-144.62415966386556,0.06816122037191752,-0.3084393831258956,0.013645890782425951,-0.29007324339233653,-0.28211912646065135,-0.50004110057422,-0.32645380038046967,-0.49322038150963254,0.0011020000000000001,0.000463,0.000972,0.000483
1957,111.8,47.4,100.2,50.1,2.0484418035504044,1.675778341674085,2.0008677215312267,1.6998377258672457,False,False,False,False,42190.80000000002,69020.40000000007,86912.10000000008,57942.70000000003,-81.12415966386554,-145.52415966386553,-92.72415966386554,-142.82415966386554,0.07442142940655572,-0.29824203246976366,0.02684734738737804,-0.274182648276603,-0.2766625512089814,-0.4962897050886968,-0.3162227217835885,-0.4870817343515038,0.001118,0.000474,0.001002,0.000501
1958,111.7,44.6,91.5,48.4,2.048053173115609,1.649334858712142,1.9614210940664483,1.6848453616444126,False,False,False,False,42302.500000000015,69065.00000000007,87003.60000000008,57991.100000000035,-81.22415966386554,-148.32415966386554,-101.42415966386554,-144.52415966386553,0.07403279897176018,-0.32468551543170676,-0.01259928007740041,-0.2891750124994361,-0.27700358716221074,-0.5058387117791193,-0.34589284971454387,-0.4928793455564031,0.001117,0.000446,0.000915,0.000484
1959,106.9,45.8,92.8,49.4,2.028977705208778,1.6608654780038692,1.9675479762188621,1.6937269489236468,False,False,False,False,42409.400000000016,69110.80000000008,87096.40000000008,58040.50000000004,-86.02415966386553,-147.12415966386556,-100.12415966386554,-143.52415966386553,0.05495733106492917,-0.3131548961399795,-0.00647239792498655,-0.28029342522020184,-0.2933733129172206,-0.5017462803403668,-0.34145938232256207,-0.4894689860241094,0.001069,0.00045799999999999997,0.000928,0.000494
1960,109.1,44.0,92.2,49.0,2.037824750588342,1.6434526764861874,1.9647309210536295,1.6901960800285136,False,False,False,False,42518.500000000015,69154.80000000008,87188.60000000008,58089.50000000004,-83.82415966386554,-148.92415966386554,-100.72415966386554,-143.92415966386554,0.0638043764444931,-0.33056769765766125,-0.009289453090219224,-0.28382429411533505,-0.28587052194617446,-0.5078849274984955,-0.34350559804193825,-0.49083312983702687,0.001091,0.00044,0.0009220000000000001,0.00049
1961,101.7,41.9,88.1,45.8,2.0073209529227447,1.6222140229662954,1.944975908412048,1.6608654780038692,False,False,False,False,42620.20000000001,69196.70000000007,87276.70000000008,58135.30000000004,-91.22415966386554,-151.02415966386553,-104.82415966386554,-147.12415966386556,0.03330057877889603,-0.3518063511775533,-0.02904446573180075,-0.3131548961399795,-0.31110718248514796,-0.5150466825163122,-0.3574880721243425,-0.5017462803403668,0.0010170000000000001,0.000419,0.000881,0.00045799999999999997
1962,99.2,41.9,87.6,45.6,1.9965116721541787,1.6222140229662954,1.9425041061680808,1.658964842664435,False,False,False,False,42719.40000000001,69238.60000000006,87364.30000000009,58180.90000000004,-93.72415966386554,-151.02415966386553,-105.32415966386554,-147.32415966386554,0.022491298010330008,-0.3518063511775533,-0.0315162679757679,-0.3150555314794137,-0.31963308131588225,-0.5150466825163122,-0.3591932518904894,-0.5024283522468256,0.000992,0.000419,0.0008759999999999999,0.000456
1963,101.5,41.2,90.5,45.3,2.0064660422492318,1.6148972160331345,1.9566485792052033,1.6560982020128319,False,False,False,False,42820.90000000001,69279.80000000006,87454.80000000009,58226.20000000004,-91.42415966386554,-151.72415966386552,-102.42415966386554,-147.62415966386556,0.032445668105383074,-0.35912315811071416,-0.01737179493864538,-0.3179221721310168,-0.3117892543916067,-0.5174339341889178,-0.3493032092468376,-0.5034514601065138,0.001015,0.00041200000000000004,0.000905,0.00045299999999999995
1964,98.5,41.6,93.9,44.6,1.9934362304976116,1.6190933306267428,1.972665592266111,1.649334858712142,False,False,False,False,42919.40000000001,69321.40000000007,87548.70000000008,58270.80000000004,-94.42415966386554,-151.32415966386554,-99.02415966386553,-148.32415966386554,0.019415856353762972,-0.3549270435171059,-0.001354781877737743,-0.32468551543170676,-0.32202033298848787,-0.5160697903760004,-0.33770798683703895,-0.5058387117791193,0.000985,0.00041600000000000003,0.0009390000000000001,0.000446
1965,95.9,40.5,95.3,43.9,1.9818186071706636,1.6074550232146685,1.9790929006383264,1.6424645202421213,False,False,False,False,43015.30000000001,69361.90000000007,87644.00000000009,58314.70000000004,-97.02415966386553,-152.42415966386554,-97.62415966386554,-149.02415966386553,0.007798233026814927,-0.3665653509291802,0.005072526494477758,-0.33155585390172737,-0.3308872677724515,-0.5198211858615235,-0.3329334834918278,-0.5082259634517249,0.0009590000000000001,0.000405,0.000953,0.000439
1966,96.4,41.1,102.0,44.3,1.9840770339028309,1.6138418218760693,2.0086001717619175,1.6464037262230695,False,False,False,False,43111.70000000001,69403.00000000007,87746.00000000009,58359.000000000044,-96.52415966386553,-151.82415966386554,-90.92415966386554,-148.62415966386556,0.010056659758982178,-0.3601785522677794,0.03457979761806884,-0.32761664792077916,-0.3291820880063046,-0.5177749701421472,-0.31008407462545984,-0.5068618196388074,0.000964,0.000411,0.00102,0.000443
1967,89.4,40.5,102.1,42.9,1.9513375187959177,1.6074550232146685,2.0090257420869104,1.6324572921847242,False,False,False,False,43201.10000000001,69443.50000000007,87848.1000000001,58401.900000000045,-103.52415966386553,-152.42415966386554,-90.82415966386554,-150.02415966386553,-0.02268285534793102,-0.3665653509291802,0.03500536794306175,-0.34156308195912444,-0.35305460473236067,-0.5198211858615235,-0.30974303867223046,-0.5116363229840185,0.000894,0.000405,0.001021,0.00042899999999999997
1968,89.6,41.6,108.1,44.5,1.9523080096621253,1.6190933306267428,2.03382569395331,1.6483600109809315,False,False,False,False,43290.70000000001,69485.10000000008,87956.2000000001,58446.400000000045,-103.32415966386554,-151.32415966386554,-84.82415966386554,-148.42415966386554,-0.021712364481723423,-0.3549270435171059,0.059805319809461466,-0.32566036316291713,-0.352372532825902,-0.5160697903760004,-0.28928088147846814,-0.5061797477323486,0.000896,0.00041600000000000003,0.001081,0.000445
1969,88.0,41.3,113.5,44.0,1.9444826721501687,1.615950051656401,2.0549958615291417,1.6434526764861874,False,False,False,False,43378.70000000001,69526.40000000008,88069.7000000001,58490.400000000045,-104.92415966386554,-151.62415966386556,-79.42415966386554,-148.92415966386554,-0.02953770199368,-0.35807032248744775,0.08097548738529303,-0.33056769765766125,-0.3578291080775719,-0.5170928982356886,-0.27086494000408207,-0.5078849274984955,0.00088,0.00041299999999999996,0.001135,0.00044
1970,84.5,40.6,110.3,42.1,1.9268567089496924,1.608526033577194,2.0425755124401905,1.6242820958356683,False,False,False,False,43463.20000000001,69567.00000000009,88180.0000000001,58532.500000000044,-108.42415966386554,-152.32415966386554,-82.62415966386554,-150.82415966386554,-0.04716366519415627,-0.36549434056665464,0.06855513829634186,-0.3497382783081804,-0.3697653664405999,-0.5194801499082942,-0.281778090507422,-0.5143646106098536,0.000845,0.000406,0.001103,0.000421
1971,82.3,39.9,110.3,42.0,1.9153998352122699,1.6009728956867482,2.0425755124401905,1.6232492903979006,False,False,False,False,43545.500000000015,69606.90000000008,88290.3000000001,58574.500000000044,-110.62415966386554,-153.02415966386553,-82.62415966386554,-150.92415966386554,-0.058620538931578814,-0.3730474784571005,0.06855513829634186,-0.3507710837459481,-0.3772681574116461,-0.5218674015808997,-0.281778090507422,-0.5147056465630829,0.000823,0.000399,0.001103,0.00042
1972,80.4,40.4,110.4,40.8,1.9052560487484513,1.606381365110605,2.0429690733931802,1.61066016308988,False,False,False,False,43625.900000000016,69647.30000000008,88400.7000000001,58615.30000000005,-112.52415966386553,-152.52415966386553,-82.52415966386553,-152.12415966386556,-0.06876432539539734,-0.36763900903324376,0.06894869924933156,-0.36336021105396865,-0.38374784052300415,-0.5201622218147528,-0.2814370545541926,-0.5187980780018354,0.000804,0.000404,0.0011040000000000002,0.000408
1973,79.0,40.3,111.0,41.1,1.8976270912904414,1.6053050461411094,2.0453229787866576,1.6138418218760693,False,False,False,False,43704.900000000016,69687.60000000008,88511.7000000001,58656.400000000045,-113.92415966386554,-152.62415966386556,-81.92415966386554,-151.82415966386554,-0.0763932828534073,-0.3687153280027393,0.07130260464280891,-0.3601785522677794,-0.3885223438682153,-0.5205032577679823,-0.27939083883481636,-0.5177749701421472,0.00079,0.000403,0.00111,0.000411
1974,73.3,38.3,104.8,37.2,1.865103974641128,1.5831987739686226,2.0203612826477078,1.5705429398818975,False,False,False,False,43778.20000000002,69725.90000000008,88616.5000000001,58693.60000000004,-119.62415966386554,-154.62415966386556,-88.12415966386554,-155.72415966386552,-0.1089163995027207,-0.39082160017522605,0.04634090850385908,-0.40347743426195115,-0.4079613932022895,-0.5273239768325697,-0.3005350679350374,-0.5310753723180927,0.0007329999999999999,0.000383,0.0010479999999999999,0.00037200000000000004
1975,69.9,35.3,100.2,35.2,1.8444771757456815,1.5477747053878226,2.0008677215312267,1.546542663478131,False,False,False,False,43848.10000000002,69761.20000000008,88716.7000000001,58728.80000000004,-123.02415966386553,-157.62415966386556,-92.72415966386554,-157.72415966386552,-0.1295431983981672,-0.4262456687560261,0.02684734738737804,-0.4274777106657177,-0.4195566156120882,-0.5375550554294509,-0.3162227217835885,-0.5378960913826801,0.0006990000000000001,0.00035299999999999996,0.001002,0.00035200000000000005
1976,68.8,34.2,95.7,34.1,1.8375884382355112,1.534026106056135,1.9809119377768436,1.5327543789924978,False,False,False,False,43916.90000000002,69795.40000000008,88812.4000000001,58762.90000000004,-124.12415966386554,-158.72415966386552,-97.22415966386554,-158.82415966386554,-0.13643193590833746,-0.4399942680877136,0.006891563632994924,-0.4412659951513509,-0.4233080110976113,-0.5413064509149739,-0.3315693396789102,-0.5416474868682033,0.0006879999999999999,0.000342,0.0009570000000000001,0.000341
1977,67.6,34.6,99.8,33.3,1.829946695941636,1.5390760987927767,1.999130541287371,1.5224442335063197,False,False,False,False,43984.50000000002,69830.00000000009,88912.2000000001,58796.20000000004,-125.32415966386554,-158.32415966386554,-93.12415966386554,-159.62415966386556,-0.14407367820221273,-0.43494427535107194,0.02511016714352232,-0.45157614063752893,-0.4274004425363638,-0.5399423071020565,-0.317586865596506,-0.5443757744940383,0.000676,0.000346,0.000998,0.00033299999999999996
1978,67.9,33.7,98.9,32.7,1.8318697742805017,1.5276299008713388,1.9951962915971795,1.5145477526602862,False,False,False,False,44052.40000000002,69863.70000000008,89011.1000000001,58828.90000000004,-125.02415966386553,-159.22415966386552,-94.02415966386553,-160.22415966386552,-0.142150599863347,-0.4463904732725099,0.021175917453330806,-0.4594726214835625,-0.4263773346766756,-0.5430116306811207,-0.3206561891755703,-0.5464219902134144,0.000679,0.000337,0.000989,0.00032700000000000003
1979,64.2,31.8,98.8,31.1,1.8075350280688534,1.5024271199844328,1.994756944587628,1.4927603890268375,False,False,False,False,44116.60000000002,69895.50000000009,89109.9000000001,58860.00000000004,-128.72415966386552,-161.12415966386553,-94.12415966386554,-161.82415966386554,-0.16648534607499532,-0.4715932541594159,0.020736570443779412,-0.4812599851170112,-0.4389956649461623,-0.5494913137924788,-0.32099722512879975,-0.5518785654650845,0.000642,0.00031800000000000003,0.000988,0.000311
1980,63.9,30.8,97.9,30.4,1.8055008581584002,1.4885507165004443,1.990782691803138,1.4828735836087537,False,False,False,False,44180.50000000002,69926.30000000009,89207.80000000009,58890.40000000004,-129.02415966386553,-162.12415966386553,-95.02415966386553,-162.52415966386553,-0.16851951598544845,-0.48546965764340433,0.01676231765928926,-0.491146790535095,-0.44001877280585044,-0.5529016733247725,-0.32406654870786405,-0.5542658171376901,0.000639,0.000308,0.000979,0.00030399999999999996
1981,60.6,29.5,90.0,29.1,1.7824726241662863,1.469822015978163,1.954242509439325,1.4638929889859074,False,False,False,False,44241.10000000002,69955.80000000009,89297.80000000009,58919.50000000004,-132.32415966386554,-163.42415966386554,-102.92415966386554,-163.82415966386554,-0.1915477499775624,-0.5041983581656857,-0.019777864704523695,-0.5101273851579413,-0.4512729592624198,-0.5573351407167544,-0.3510083890129844,-0.5586992845296719,0.000606,0.000295,0.0009,0.000291
1982,58.2,28.2,85.4,28.3,1.7649229846498886,1.4502491083193612,1.931457870689005,1.4517864355242902,False,False,False,False,44299.30000000002,69984.00000000009,89383.20000000008,58947.80000000004,-134.72415966386552,-164.72415966386555,-107.52415966386553,-164.62415966386553,-0.20909738949396006,-0.5237712658244875,-0.04256250345484358,-0.5222339386195585,-0.45945782213992464,-0.5617686081087363,-0.3666960428615355,-0.5614275721555069,0.000582,0.00028199999999999997,0.000854,0.000283
1983,56.1,27.3,81.1,26.5,1.7489628612561614,1.436162647040756,1.909020854211156,1.423245873936808,False,False,False,False,44355.400000000016,70011.30000000009,89464.30000000009,58974.30000000004,-136.82415966386554,-165.62415966386553,-111.82415966386554,-166.42415966386554,-0.22505751288768727,-0.5378577271030927,-0.0649995199326927,-0.5507745002070408,-0.4666195771577415,-0.5648379316878005,-0.3813605888503986,-0.5675662193136356,0.000561,0.000273,0.000811,0.000265
1984,52.2,28.3,80.4,25.3,1.717670503002262,1.4517864355242902,1.9052560487484513,1.403120521175818,False,False,False,False,44407.60000000001,70039.6000000001,89544.70000000008,58999.60000000004,-140.72415966386552,-164.62415966386553,-112.52415966386553,-167.62415966386553,-0.2563498711415866,-0.5222339386195585,-0.06876432539539734,-0.5708998529680307,-0.4799199793336869,-0.5614275721555069,-0.38374784052300415,-0.571658650752388,0.000522,0.000283,0.000804,0.000253
1985,51.8,28.0,80.5,25.0,1.714329759745233,1.4471580313422192,1.9057958803678685,1.3979400086720377,False,False,False,False,44459.400000000016,70067.6000000001,89625.20000000008,59024.60000000004,-141.12415966386556,-164.92415966386554,-112.42415966386554,-167.92415966386554,-0.25969061439861574,-0.5268623428016295,-0.06822449377598017,-0.576080365471811,-0.4812841231466045,-0.5624506800151949,-0.3834068045697748,-0.5726817586120762,0.000518,0.00028,0.000805,0.00025
1986,52.4,28.6,86.2,23.9,1.7193312869837267,1.4563660331290431,1.9355072658247128,1.3783979009481377,False,False,False,False,44511.80000000002,70096.2000000001,89711.40000000008,59048.500000000044,-140.52415966386553,-164.32415966386554,-106.72415966386554,-169.02415966386553,-0.25468908716012195,-0.5176543410148056,-0.0385131083191359,-0.5956224731957109,-0.4792379074272282,-0.5604044642958188,-0.3639677552357006,-0.5764331540975992,0.0005239999999999999,0.000286,0.000862,0.00023899999999999998
1987,52.1,27.1,83.5,24.7,1.7168377232995244,1.4329692908744058,1.921686475483602,1.3926969532596658,False,False,False,False,44563.900000000016,70123.3000000001,89794.90000000008,59073.20000000004,-140.82415966386554,-165.82415966386554,-109.42415966386554,-168.22415966386555,-0.25718265084432423,-0.5410510832694428,-0.052333898660246625,-0.5813234208841829,-0.4802610152869164,-0.5655200035942594,-0.3731757259728936,-0.5737048664717643,0.000521,0.00027100000000000003,0.000835,0.000247
1988,51.5,27.7,86.7,24.5,1.711807229041191,1.4424797690644486,1.9380190974762104,1.3891660843645324,False,False,False,False,44615.400000000016,70151.0000000001,89881.60000000008,59097.70000000004,-141.42415966386554,-165.22415966386555,-106.22415966386554,-168.42415966386554,-0.2622131451026577,-0.5315406050794,-0.036001276667638304,-0.5848542897793163,-0.4823072310062926,-0.5634737878748831,-0.3622625754695537,-0.574386938378223,0.000515,0.000277,0.000867,0.000245
1989,49.8,27.4,85.9,24.1,1.6972293427597176,1.437750562820388,1.9339931638312424,1.3820170425748683,False,False,False,False,44665.20000000002,70178.4000000001,89967.50000000007,59121.80000000004,-143.12415966386556,-165.52415966386553,-107.02415966386553,-168.82415966386554,-0.2767910313841311,-0.5362698113234607,-0.040027210312606254,-0.5920033315689803,-0.488104842211192,-0.5644968957345712,-0.3649908630953887,-0.5757510821911405,0.000498,0.000274,0.0008590000000000001,0.000241
1990,46.8,26.0,87.9,22.2,1.670245853074124,1.414973347970818,1.943988875073772,1.3463529744506386,False,False,False,False,44712.00000000002,70204.4000000001,90055.40000000007,59144.00000000004,-146.12415966386556,-166.92415966386554,-105.02415966386553,-170.72415966386555,-0.3037745210697247,-0.5590470261730307,-0.03003149907007674,-0.6276673996932101,-0.49833592080807315,-0.5692713990797824,-0.3581701440308012,-0.5822307653024986,0.000468,0.00026,0.000879,0.000222
1991,47.4,25.6,88.7,21.5,1.675778341674085,1.4082399653118496,1.9479236198317265,1.3324384599156054,False,False,False,False,44759.40000000002,70230.0000000001,90144.10000000006,59165.50000000004,-145.52415966386553,-167.32415966386554,-104.22415966386554,-171.42415966386554,-0.29824203246976366,-0.5657804088319991,-0.026096754312122217,-0.6415819142282433,-0.4962897050886968,-0.5706355428926999,-0.3554418564049663,-0.5846180169751042,0.000474,0.000256,0.000887,0.000215
1992,43.5,24.4,83.6,20.3,1.6384892569546374,1.3873898263387294,1.9222062774390163,1.307496037913213,False,False,False,False,44802.90000000002,70254.4000000001,90227.70000000007,59185.80000000004,-149.42415966386554,-168.52415966386553,-109.32415966386554,-172.62415966386553,-0.33553111718921125,-0.5866305478051193,-0.05181409670483239,-0.6665243362306357,-0.5095901072646424,-0.5747279743314523,-0.37283469001966424,-0.5887104484138566,0.000435,0.000244,0.0008359999999999999,0.000203
1993,44.6,25.3,85.8,21.0,1.649334858712142,1.403120521175818,1.9334872878487055,1.3222192947339193,False,False,False,False,44847.50000000002,70279.7000000001,90313.50000000007,59206.80000000004,-148.32415966386554,-167.62415966386553,-107.12415966386554,-171.92415966386554,-0.32468551543170676,-0.5708998529680307,-0.040533086295143184,-0.6518010794099294,-0.5058387117791193,-0.571658650752388,-0.36533189904861807,-0.586323196741251,0.000446,0.000253,0.0008579999999999999,0.00021
1994,42.7,24.8,85.5,19.7,1.6304278750250238,1.3944516808262162,1.9319661147281726,1.294466226161593,False,False,False,False,44890.20000000002,70304.5000000001,90399.00000000007,59226.50000000004,-150.22415966386552,-168.12415966386553,-107.42415966386554,-173.22415966386555,-0.34359249911882483,-0.5795686933176325,-0.04205425941567609,-0.6795541479822558,-0.5123183948904773,-0.5733638305185348,-0.3663550069083062,-0.5907566641332329,0.000427,0.000248,0.000855,0.000197
1995,40.4,25.1,82.1,19.4,1.606381365110605,1.3996737214810382,1.9143431571194407,1.287801729930226,False,False,False,False,44930.60000000002,70329.60000000011,90481.10000000008,59245.90000000004,-152.52415966386553,-167.82415966386554,-110.82415966386554,-173.52415966386553,-0.36763900903324376,-0.5743466526628105,-0.05967721702440798,-0.6862186442136227,-0.5201622218147528,-0.5723407226588467,-0.37795022931810485,-0.591779771992921,0.000404,0.00025100000000000003,0.0008209999999999999,0.000194
1996,38.0,23.4,77.5,19.0,1.5797835966168101,1.3692158574101427,1.8893017025063104,1.2787536009528289,False,False,False,False,44968.60000000002,70353.0000000001,90558.60000000008,59264.90000000004,-154.92415966386554,-169.52415966386553,-115.42415966386554,-173.92415966386554,-0.39423677752703856,-0.6048045167337059,-0.08471867163753832,-0.6952667731910198,-0.5283470846922578,-0.578138333863746,-0.39363788316665593,-0.5931439158058385,0.00038,0.000234,0.000775,0.00019
1997,35.5,22.5,73.6,18.0,1.550228353055094,1.3521825181113625,1.8668778143374989,1.255272505103306,False,False,False,False,45004.10000000002,70375.5000000001,90632.20000000008,59282.90000000004,-157.42415966386554,-170.42415966386554,-119.32415966386554,-174.92415966386554,-0.4237920210887547,-0.6218378560324862,-0.10714255980634979,-0.7187478690405427,-0.5368729835229921,-0.5812076574428104,-0.40693828534260146,-0.5965542753381321,0.000355,0.000225,0.0007359999999999999,0.00018
1998,34.1,21.5,69.5,17.2,1.5327543789924978,1.3324384599156054,1.841984804590114,1.235528446907549,False,False,False,False,45038.20000000002,70397.0000000001,90701.70000000008,59300.100000000035,-158.82415966386554,-171.42415966386554,-123.42415966386554,-175.72415966386555,-0.4412659951513509,-0.6415819142282433,-0.13203556955373474,-0.7384919272362997,-0.5416474868682033,-0.5846180169751042,-0.4209207594250057,-0.5992825629639672,0.000341,0.000215,0.000695,0.00017199999999999998
1999,34.2,20.4,68.6,16.9,1.534026106056135,1.3096301674258988,1.8363241157067516,1.2278867046136734,False,False,False,False,45072.400000000016,70417.4000000001,90770.30000000009,59317.00000000004,-158.72415966386552,-172.52415966386553,-124.32415966386554,-176.02415966386553,-0.4399942680877136,-0.6643902067179499,-0.1376962584370971,-0.7461336695301752,-0.5413064509149739,-0.5883694124606272,-0.42399008300407004,-0.6003056708236553,0.000342,0.000204,0.000686,0.000169
2000,32.4,20.3,67.1,15.8,1.510545010206612,1.307496037913213,1.826722520168992,1.1986570869544226,False,False,False,False,45104.80000000002,70437.7000000001,90837.4000000001,59332.80000000004,-160.52415966386553,-172.62415966386553,-125.82415966386554,-177.12415966386553,-0.46347536393723665,-0.6665243362306357,-0.14729785397485662,-0.775363287189426,-0.5474450980731026,-0.5887104484138566,-0.4291056223025106,-0.6040570663091783,0.00032399999999999996,0.000203,0.0006709999999999999,0.00015800000000000002
2001,33.4,19.1,66.3,15.3,1.5237464668115646,1.2810333672477277,1.8215135284047732,1.1846914308175989,False,False,False,False,45138.20000000002,70456.8000000001,90903.7000000001,59348.10000000004,-159.52415966386553,-173.82415966386554,-126.62415966386554,-177.62415966386553,-0.4502739073322841,-0.692987006896121,-0.15250684573907547,-0.7893289433262498,-0.5440347385408089,-0.592802879852609,-0.4318339099283456,-0.6057622460753251,0.000334,0.000191,0.000663,0.000153
2002,31.4,19.4,67.0,15.2,1.4969296480732148,1.287801729930226,1.8260748027008264,1.1818435879447726,False,False,False,False,45169.60000000002,70476.2000000001,90970.7000000001,59363.30000000004,-161.52415966386553,-173.52415966386553,-125.92415966386554,-177.72415966386555,-0.47709072607063385,-0.6862186442136227,-0.14794557144302223,-0.792176786199076,-0.5508554576053963,-0.591779771992921,-0.42944665825573997,-0.6061032820285546,0.000314,0.000194,0.00067,0.00015199999999999998
2003,31.8,18.9,65.4,14.8,1.5024271199844328,1.276461804173244,1.8155777483242672,1.1702617153949575,False,False,False,False,45201.40000000002,70495.1000000001,91036.1000000001,59378.10000000004,-161.12415966386553,-174.02415966386553,-127.52415966386553,-178.12415966386553,-0.4715932541594159,-0.6975585699706046,-0.15844262581958146,-0.8037586587488912,-0.5494913137924788,-0.5934849517590678,-0.4349032335074099,-0.6074674258414721,0.00031800000000000003,0.00018899999999999999,0.0006540000000000001,0.00014800000000000002
2004,30.3,18.4,64.9,14.8,1.481442628502305,1.2648178230095364,1.8122446968003694,1.1702617153949575,False,False,False,False,45231.700000000026,70513.50000000009,91101.00000000009,59392.900000000045,-162.62415966386553,-174.52415966386553,-128.02415966386553,-178.12415966386553,-0.49257774564154366,-0.7092025511343123,-0.1617756773434793,-0.8037586587488912,-0.5546068530909194,-0.5951901315252146,-0.43660841327355676,-0.6074674258414721,0.000303,0.00018399999999999997,0.0006490000000000001,0.00014800000000000002
2005,29.9,17.7,63.8,14.6,1.4756711883244296,1.2479732663618066,1.8048206787211623,1.1643528557844371,False,False,False,False,45261.60000000003,70531.20000000008,91164.80000000009,59407.500000000044,-163.02415966386553,-175.22415966386555,-129.12415966386556,-178.32415966386554,-0.4983491858194191,-0.7260471077820421,-0.16919969542268642,-0.8096675183594115,-0.5559709969038369,-0.5975773831978203,-0.44035980875907993,-0.6081494977479308,0.000299,0.000177,0.000638,0.000146
2006,29.1,16.2,63.0,14.0,1.4638929889859074,1.209515014542631,1.7993405494535817,1.146128035678238,False,False,False,False,45290.700000000026,70547.40000000008,91227.80000000009,59421.500000000044,-163.82415966386554,-176.72415966386555,-129.92415966386554,-178.92415966386554,-0.5101273851579413,-0.7645053596012177,-0.174679824690267,-0.8278923384656107,-0.5586992845296719,-0.6026929224962609,-0.44308809638491486,-0.610195713467307,0.000291,0.00016199999999999998,0.00063,0.00014
2007,29.4,16.5,60.3,13.8,1.4683473304121573,1.2174839442139063,1.7803173121401512,1.1398790864012365,False,False,False,False,45320.10000000003,70563.90000000008,91288.1000000001,59435.30000000005,-163.52415966386553,-176.42415966386554,-132.62415966386556,-179.12415966386553,-0.5056730437316914,-0.7565364299299424,-0.19370306200369747,-0.8341412877426122,-0.5576761766699837,-0.6016698146365728,-0.45229606712210796,-0.6108777853737657,0.000294,0.000165,0.000603,0.00013800000000000002
2008,29.3,15.2,55.9,12.6,1.4668676203541096,1.1818435879447726,1.7474118078864234,1.100370545117563,False,False,False,False,45349.40000000003,70579.10000000008,91344.00000000009,59447.900000000045,-163.62415966386553,-177.72415966386555,-137.02415966386553,-180.32415966386554,-0.5071527537897391,-0.792176786199076,-0.22660856625742531,-0.8736498290262857,-0.5580172126232131,-0.6061032820285546,-0.46730164906420024,-0.6149702168125183,0.000293,0.00015199999999999998,0.000559,0.000126
2009,27.4,15.1,51.9,12.5,1.437750562820388,1.1789769472931695,1.7151673578484579,1.0969100130080565,False,False,False,False,45376.80000000003,70594.20000000008,91395.90000000008,59460.400000000045,-165.52415966386553,-177.82415966386554,-141.02415966386553,-180.42415966386554,-0.5362698113234607,-0.7950434268506792,-0.2588530162953908,-0.8771103611357922,-0.5644968957345712,-0.606444317981784,-0.4809430871933751,-0.6153112527657476,0.000274,0.00015099999999999998,0.000519,0.000125
2010,26.5,14.3,49.4,11.5,1.423245873936808,1.1553360374650619,1.6937269489236468,1.0606978403536116,False,False,False,False,45403.30000000003,70608.50000000009,91445.30000000008,59471.900000000045,-166.42415966386554,-178.62415966386553,-143.52415966386553,-181.42415966386554,-0.5507745002070408,-0.8186843366787868,-0.28029342522020184,-0.9133225337902371,-0.5675662193136356,-0.6091726056076189,-0.4894689860241094,-0.6187216122980413,0.000265,0.000143,0.000494,0.000115
2011,26.3,14.2,48.9,12.1,1.4199557484897578,1.1522883443830565,1.6893088591236203,1.08278537031645,False,False,False,False,45429.600000000035,70622.70000000008,91494.20000000007,59484.000000000044,-166.62415966386553,-178.72415966386555,-144.02415966386553,-180.82415966386554,-0.5540646256540909,-0.8217320297607922,-0.2847115150202284,-0.8912350038273986,-0.5682482912200942,-0.6095136415608483,-0.49117416579025625,-0.6166753965786651,0.000263,0.00014199999999999998,0.000489,0.000121
2012,26.3,13.9,47.2,11.4,1.4199557484897578,1.1430148002540952,1.6739419986340878,1.0569048513364727,False,False,False,False,45455.90000000004,70636.60000000008,91541.40000000007,59495.400000000045,-166.62415966386553,-179.02415966386553,-145.72415966386552,-181.52415966386553,-0.5540646256540909,-0.8310055738897535,-0.3000783755097609,-0.917115522807376,-0.5682482912200942,-0.6105367494205364,-0.49697177699515555,-0.6190626482512707,0.000263,0.000139,0.00047200000000000003,0.000114
2013,25.5,14.1,44.8,11.8,1.4065401804339552,1.14921911265538,1.651278013998144,1.0718820073061255,False,False,False,False,45481.40000000004,70650.70000000008,91586.20000000007,59507.20000000005,-167.42415966386554,-178.82415966386554,-148.12415966386556,-181.12415966386553,-0.5674801937098934,-0.8248012614884688,-0.3227423601457047,-0.9021383668377232,-0.5709765788459292,-0.6098546775140776,-0.5051566398726606,-0.6176985044383532,0.000255,0.00014099999999999998,0.000448,0.00011800000000000001
2014,24.0,14.0,45.5,11.5,1.380211241711606,1.146128035678238,1.6580113966571124,1.0606978403536116,False,False,False,False,45505.40000000004,70664.70000000008,91631.70000000007,59518.70000000005,-168.92415966386554,-178.92415966386554,-147.42415966386554,-181.42415966386554,-0.5938091324322428,-0.8278923384656107,-0.3160089774867363,-0.9133225337902371,-0.5760921181443699,-0.610195713467307,-0.5027693882000549,-0.6187216122980413,0.00024,0.00014,0.000455,0.000115
2015,24.9,14.6,48.3,11.7,1.3961993470957363,1.1643528557844371,1.6839471307515121,1.0681858617461617,False,False,False,False,45530.30000000004,70679.30000000009,91680.00000000007,59530.400000000045,-168.02415966386553,-178.32415966386554,-144.62415966386556,-181.22415966386555,-0.5778210270481123,-0.8096675183594115,-0.29007324339233653,-0.905834512397687,-0.5730227945653055,-0.6081494977479308,-0.49322038150963254,-0.6180395403915826,0.000249,0.000146,0.000483,0.000117
2016,25.3,14.6,51.2,12.2,1.403120521175818,1.1643528557844371,1.7092699609758308,1.0863598306747482,False,False,False,False,45555.60000000004,70693.9000000001,91731.20000000007,59542.60000000004,-167.62415966386553,-178.32415966386554,-141.72415966386552,-180.72415966386555,-0.5708998529680307,-0.8096675183594115,-0.26475041316801784,-0.8876605434691005,-0.571658650752388,-0.6081494977479308,-0.48333033886598065,-0.6163343606254358,0.000253,0.000146,0.000512,0.000122
2017,24.3,15.5,51.5,11.6,1.3856062735983121,1.1903316981702914,1.711807229041191,1.0644579892269184,False,False,False,False,45579.900000000045,70709.4000000001,91782.70000000007,59554.20000000004,-168.62415966386553,-177.42415966386554,-141.42415966386554,-181.32415966386554,-0.5884141005455366,-0.7836886759735573,-0.2622131451026577,-0.9095623849169303,-0.5750690102846817,-0.6050801741688665,-0.4823072310062926,-0.6183805763448119,0.000243,0.000155,0.000515,0.000116
2018,24.0,14.9,49.2,11.5,1.380211241711606,1.173186268412274,1.6919651027673603,1.0606978403536116,False,False,False,False,45603.900000000045,70724.30000000009,91831.90000000007,59565.70000000004,-168.92415966386554,-178.02415966386553,-143.72415966386552,-181.42415966386554,-0.5938091324322428,-0.8008341057315747,-0.28205527137648834,-0.9133225337902371,-0.5760921181443699,-0.6071263898882426,-0.49015105793056807,-0.6187216122980413,0.00024,0.00014900000000000002,0.000492,0.000115
